A24,A24
A25,A24
A26,A24
A27,A24
A28,A24
A29,A24
A30,A24
A31,A24
A32,A24
A33,A24
A34,A24
A35,A24
A36,A24
A37,A24
A38,A24
A39,A24
A40,A24
A41,A24
A42,A24
A43,A24
A44,A24
A45,A24
A46,A24
A47,A24
A48,A24
A49,A24
A50,A24
A51,A24
A52,A24
A53,A24
A54,A24
A55,A24
A56,A24
"ABS-CBN, Gravitas Ventures",ABS-CBN
Amazon,Amazon
Amazon Studios,Amazon
American Broadcasting Company (ABC),Walt Disney
American International Pictures (AIP),Amazon
Apple TV+,Apple TV+
Aquarius Releasing,Aquarius Releasing
Ardustry Home Entertainment,Ardustry Home Entertainment
Artistic License,Artistic License
Associated Film Distribution (AFD),Universal Pictures
Atlantic Releasing Corporation,Amazon
Buena Vista Distribution,Buena Vista
Buena Vista Pictures,Buena Vista
CBS,Paramount Pictures
Cinequest Distribution,Cinequest Distribution
Cinerama Releasing Corporation,Cinerama Releasing Corporation
Columbia Broadcasting System,Paramount Pictures
Columbia Broadcasting System (CBS),Paramount Pictures
Columbia Pictures,Sony Pictures
"Columbia Pictures, Sony Pictures Releasing",Sony Pictures
Columbia TriStar,Sony Pictures
Columbia TriStar Home Video,Sony Pictures
Crazy Dreams Entertainment,Crazy Dreams Entertainment
Dimension Films,Weinstein Company
Direct Cinema Limited,Direct Cinema Limited
Disney/Marvel,Walt Disney
DreamWorks Distribution,Universal Pictures
Eagle Films,Eagle Films
Echelon Entertainment,Echelon Entertainment
Electric Parc,Electric Parc
Embassy Pictures Corporation,Sony Pictures
Evel Videos,Evel Videos
Fabrication Films,Fabrication Films
Facets Multimedia Distribution,Facets Multimedia Distribution
Fine Line Features,Picturehouse
First Look International,FilmRise
Focus Features,Universal Pictures
Fox Searchlight Pictures,Walt Disney
Geffen Pictures,Universal Pictures
General Film Company,General Film Company
IFC Films,AMC Networks
IFC Films & Sundance Selects,AMC Networks
Illuminare Entertainment,Illuminare Entertainment
Kylin Pictures,Kylin Pictures
Lions Gate Films Home Entertainment,Lionsgate
Lionsgate,Lionsgate
Maverick Entertainment Group,Maverick Entertainment Group
MCA / Universal Pictures,Universal Pictures
MCA/Universal Home Video,Universal Pictures
Metro-Goldwyn Mayer,Amazon
Metro-Goldwyn Mayer Distributing,Amazon
Metro-Goldwyn-Mayer,Amazon
Metro-Goldwyn-Mayer (MGM),Amazon
MGM Home Entertainment,Amazon
MGM/UA Entertainment Company,Amazon
Miramax Films,Paramount Pictures
Miramax Home Entertainment,Paramount Pictures
NAI Entertainment,NAI Entertainment
National Broadcasting Company (NBC),Universal Pictures
Netflix,Netflix
New Line Cinema,Warner Brothers
New Yorker Films,New Yorker Films
Orion Classics,Amazon
Orion Pictures Corporation,Amazon
Paramount Pictures,Paramount Pictures
Parmaount Pictures,Paramount Pictures
Polygram Filmed Entertainment,Universal Pictures
PolyGram Video,Universal Pictures
RKO Pictures,Warner Brothers
RKO Radio Pictures,Warner Brothers
Samuel Goldwyn Films,Amazon
Sony Pictures,Sony Pictures
Sony Pictures Classics,Sony Pictures
Sony Pictures Entertainment,Sony Pictures
Specialty Films,Specialty Films
Sundance Channel,AMC Networks
Sundance Channel Home Entertainment,AMC Networks
TC Films International,TC Films International
The Ladd Company,The Ladd Company
The Samuel Goldwyn Company,Amazon
THINKFilm,THINKFilm
TriStar Pictures,Sony Pictures
Twentieth Century - Fox,Walt Disney
Twentieth Century Fox,Walt Disney
Twentieth Century Fox Corporation,Walt Disney
Twentieth Century Fox Film Cooperation,Walt Disney
Twentieth Century Fox Film Corp.      ,Walt Disney
Twentieth Century Fox Film Corporation,Walt Disney
United Artists,Amazon
Universal Pictures,Universal Pictures
Universal Pictures',Universal Pictures
USA Nework,Universal Pictures
Walt Disney Studios Home Entertainment,Walt Disney
Walt Disney Studios Motion Pictures   ,Walt Disney
Warner Bros.,Warner Brothers
Warner Bros. Pictures,Warner Brothers
Warner Brothers,Warner Brothers
Warner Brothers / Seven Arts,Warner Brothers
Warner brothers Pictures,Warner Brothers
Weinstein Company,Weinstein Company
Windline Films,Windline Films
Zealot Pictures,Zealot Pictures